<?xml version="1.0" encoding="UTF-8"?>
<project-private xmlns="http://www.netbeans.org/ns/project-private/1">
    <editor-bookmarks xmlns="http://www.netbeans.org/ns/editor-bookmarks/2" lastBookmarkId="0"/>
    <open-files xmlns="http://www.netbeans.org/ns/projectui-open-files/2">
        <group>
            <file>file:/H:/ApplicationSecurity/src/applicationsecurity/frmUsers.java</file>
            <file>file:/H:/ApplicationSecurity/src/applicationsecurity/frmActors.java</file>
            <file>file:/H:/ApplicationSecurity/src/applicationsecurity/frmLogin.java</file>
            <file>file:/H:/ApplicationSecurity/src/applicationsecurity/frmMain.java</file>
            <file>file:/H:/ApplicationSecurity/src/applicationsecurity/CaesarsChiper.java</file>
            <file>file:/H:/ApplicationSecurity/src/applicationsecurity/ApplicationSecurity.java</file>
            <file>file:/H:/ApplicationSecurity/src/applicationsecurity/frmViewUsers.java</file>
        </group>
    </open-files>
</project-private>
